id,numero
551,56
48,500
49,501
50,502
51,503
52,504
53,508
54,510
55,512
56,517
57,519
58,524
59,528
60,529
61,530
62,531
63,532
64,533
65,534
66,536
67,537
68,538
69,539
70,540
71,601
72,603
73,604
74,606
75,607
76,608
77,609
78,610
79,612
80,613
81,621
82,622
83,626
84,648
85,653
86,657
87,678
88,679
89,680
90,681
91,682
92,684
93,686
94,687
95,689
96,690
97,691
98,692
99,695
100,696
101,697
102,698
103,800
104,803
105,804
106,805
107,806
108,900
109,901
110,902
111,903
112,904
113,905
114,906
115,907
116,908
117,909
118,910
119,911
120,912
121,913
122,914
123,915
124,916
125,917
126,918
127,988
128,989
129,990
130,991
131,992
132,993
133,994
134,995
135,996
136,997
137,998
138,999
1,1000
2,1001
3,1002
4,1003
5,1004
6,1005
7,1006
8,1007
9,1008
10,1009
11,1010
12,1011
13,1012
14,1013
15,1014
16,1015
17,1016
18,1017
19,1018
20,1019
21,1020
22,1021
23,1022
24,1023
25,1024
26,1025
27,1026
28,1027
29,1028
30,1029
31,1030
32,1031
33,1032
34,1033
35,1034
36,1035
37,3000
38,3001
39,3002
40,3003
41,3004
42,3005
43,3006
44,3007
45,3008
46,3009
47,3010